metric,value
point_estimate,0.3009649237343907
bootstrap_mean,0.30096035522327474
ci_low,0.2859214280758555
ci_high,0.3163862360200733
std,0.008131176213002503
