{
  "version": 1,
  "target_kind": "adjusted",
  "thresholds": {
    "min_n": 30,
    "min_bias": 0.1,
    "max_correction": 0.3
  },
  "test_mae_before": 0.301,
  "test_mae_after": 0.2993,
  "corrections": {
    "לקט|2. צהריים 10–13": 0.10634976495937687,
    "לקט|6. לילה מאוחר 02–05": 0.12062191511394008,
    "שידור חוזר|1. בוקר 06–09": 0.11701409722442578,
    "שידור חוזר|2. צהריים 10–13": 0.15977861735340937,
    "שידור חי|1. בוקר 06–09": 0.1336303933378657,
    "שידור חי|2. צהריים 10–13": 0.26585309897357795,
    "שידור חי|5. לילה 22–01": -0.10512714120263104
  }
}